Title,Description,Status,Category,Location,ID
Label printer,"Brandy BBP11-34L. Tar USB, ethernet och parallell samt serial.",Untested,Ger√§t,B01,2024_00002
Mystisk mikrov√•gsparabol,,Untested,Radio,C01,2024_00003
Antenn,"Fr√•n Comhat-Provexa
Modell: HAA1803_09R1
Frekvens: 17.7-19.7 GHz",Untested,Radio,C01,2024_00004
N√§taggregat,"Kingshill NS1520 300 W, ej testad med last utan bara multimeter",Tested,Power supply,C01,2024_00005
AIS Receiver Cypho-101,Gps receiver med VHF antening√•ng,Lights up,Radio,B01,2024_00006
Biltema variabelt sp√§nningsaggregat,"2A, 3-12V i steg. L√•ter switchad ",Tested,Power supply,C01,2024_00007
"buss/sp√•rvagns ""stannar"" skylt",Saknar lysr√∂r,Untested,Ger√§t,C01,2024_00008
Station√§r dator,Intel i5,Lights up,Computer,C01,2024_00009
Hp minidator 2007,"HP Dator, Modelnumber HSTNC-002-TC, 6 usb kontakter, ethernet",Untested,Computer,B01,2024_00010
Frankeringsmaskin,Pitney Bowes Postage by Phone B700,Lights up,Ger√§t,C01,2024_00011
neutrino thunder duo,"Thubderboltdocka f√∂r 2 2.5"" h√•rddiskar
Ny i f√∂rpackning",O√∂ppnad,Computer,B01,2024_00012
HP 7010 X-Y Recorder,"Cool X-Y plotter
funkar v√§ldigt bra",Tested,Instrument,A01,2024_00013
Kassett-spelare,Magnetophon stereosound. Stereo och mono. Kopplad direkt till h√∂gtalare,Tested,Audio,B01,2024_00014
Robotdamsugare,Av neato. Laddstation medf√∂ljer,Untested,Ger√§t,C01,2024_00015
PM 7832 SWR meter,"Visar tecken p√• liv vid inkoppling av el, inte testad mer",Tested,Radio,B01,2024_00016
2x v√§gledarfasvridare ,Vrider fasen,Tested,Radio,B01,2024_00017
Radio transmitter,Tele courier radio transmitter sak,Untested,Radio,C01,2024_00018
2x V√•gledard√§mpare,HP modell x382A,Tested,Radio,B01,2024_00019
N√§taggregat,XELEX 025 100 W,Lights up,Power supply,C01,2024_00020
teleCOURIER,"Oklar radio pryl, kanske h√∂r ihop med den andra teleCOURIER grejen i samma pall",Untested,Radio,C01,2024_00021
DelSey V√§ska,"Nyckel inkluderad
Made in France, Paris
Har fungerande l√•s",Tested,Miscellaneous,A01,2024_00022
NIXIE r√∂r,"PSU med tre Nixier√∂r, AB Telekontroll TG-2",Lights up,Power supply,A01,2024_00023
PM 7832 SWR meter,"visar n√•gra tecken p√• liv, inte testat mer",Tested,Radio,B01,2024_00024
Rotary Vane Attenuator,"8.2-12.4 GHz, skala fr√•n 0 till 60+dB",Untested,Radio,B01,2024_00025
Plantronics headset,"Fr√§sh
Vissa p√•sar √§r o√∂ppnade
",Lights up,Audio,C01,2024_00026
3x Nixier√∂r,Plus n√•gra rotary switches,Untested,Ger√§t,A01,2024_00027
12x nixier√∂r,+12 rotary switches,Untested,Ger√§t,A01,2024_00028
oltronix B 503D n√§tagg,"Den vill fungera, men sp√§nningen faller av
5V output fungerar",Lights up,Power supply,C01,2024_00029
Plantronics C65 Progammer,Plantronics programming station till Plantronic C65 ,O√∂ppnad,Miscellaneous,C01,2024_00030
Oscilloskop,"Sampo 20 MHz Dual Trace Oscilloscope SSI-2320, funkar halvt ",Lights up,Instrument,C01,2024_00031
Multimode data controller ,9 digimoder. Alla filer dumpade p√• fr√•n floppy till USB,Untested,Radio,B01,2024_00032
hp DC microvolt/ammeter,"HP 425A
Ger utslag",Lights up,Instrument,B01,2024_00033
x3 Ascom business wireless telephone system ,Oklart exakt vad det √§r. 6p6c RJ22? till power supply,Lights up,Audio,C01,2024_00034
Elsk√•p,Metall,Other,Miscellaneous,C01,2024_00035
Stavmixer ,Kommer med smakf√∂rst√§rkande bakterier (:,Tested,Ger√§t,C01,2024_00036
Analogt oscilloskop 20MHz,Siemens D1011. Sk√§rmen blinkar vid snabbare tidsskalor.,Tested,Instrument,C01,2024_00037
Plantronic C65/A EURO,DECT Cordless headset,Lights up,Audio,C01,2024_00038
Industrial Cellular router f√∂r Wifi,"M√§rke Anyway, modell R3000-4L. ",O√∂ppnad,Computer,C01,2024_00039
Avaya I55,Telefon och IP kontrollsystem/switch?,Untested,Ger√§t,C01,2024_00040
B√•tantenn?,103cm l√•ng ,Untested,Radio,C01,2024_00041
3 n√§taggregat,"ATI AT-PWR4, 80 W",Lights up,Power supply,C02,2024_00042
R3000-4L LTE/4G-Router,4G Cellular router,Untested,Miscellaneous,B01,2024_00043
R3000-4L LTE/4G-Router,4G Cellular router,Untested,Miscellaneous,B01,2024_00044
4x Ethernet fiber media converter ,100Base-TX till 100Base-FF. Snabb. Tar in 12V barrel jack,Untested,Ger√§t,C01,2024_00045
Mikroskopst√§ll,Stabil och tung,Other,Ger√§t,C01,2024_00046
36V10A DC PSU,,Untested,Power supply,C01,2024_00047
Oscillarzet D 1011,"20MHz oscilloskop, funkar bra",Tested,Instrument,B01,2024_00048
Digitork 2020,Vridmomentm√§tare,Untested,Instrument,C01,2024_00049
Variac,"230 AC in, valfritt ut. Har d√∂dskabel redan.",Untested,Power supply,C01,2024_00050
Variac,"230 AC in, valfritt ut. Trasig plast p√• vredet.",Untested,Power supply,C01,2024_00051
ABB 3-fas motor,"1420 RPM 370W

M 2V A71B-4
30V A0 72002-CSC",Untested,Miscellaneous,C01,2024_00052
Timer,Felix 30 min timer,O√∂ppnad,Miscellaneous,C01,2024_00053
F√∂lttelfon,"Chassit ser tomt ut. L√•st, ingen nyckel",Untested,Radio,C01,2024_00054
VPN Router,"Ewon Cosy 141, fyra portar",Untested,Miscellaneous,C01,2024_00055
100x PDLux microwave motion sensor,Kommer med datablad. 5.8GHz,Untested,Radio,C02,2024_00056
servogor 460 datalogger,"Verkar fungera okej, 4 kanaler",Tested,Ger√§t,C02,2024_00057
Analog kamera,"N√•n form av kamera, slutaren sluter. Kanske funkar?",Untested,Nostalgia,C02,2024_00058
"Wii U, is√§rplockad",Verkar sakna disk drive. Str√∂m-lampa lyser och blir bl√• n√§r man trycker. Bootar?,Lights up,Computer,B01,2024_00059
Mikrotik Routerboard,SXT lite 5,Untested,Computer,C02,2024_00060
Kortnummerkopiator,"""Kortkontroll"". Diners Club International ",Tested,Nostalgia,B01,2024_00061
CanoScan 9000F Mark II,"Dokumentskanner, verkar starta upp som den ska, fungerar antagligen ",Lights up,Computer,C02,2024_00062
Notchfilter 1842 MHz,,Untested,Radio,C02,2024_00063
Variac,"230 AC in, valfritt ut.",Untested,Power supply,C02,2024_00064
48st Condensatorer ,63volt 10 miliF,Tested,Component,C02,2024_00065
N√§taggregat,"Milleteknik ASC-XM275, 2015 √•rsmodell, 120 W",Untested,Power supply,C02,2024_00066
Portmonn√§,Har n√•gra manualer i sig ocks√• ,Tested,Miscellaneous,B01,2024_00067
The original Karaoke,VHS vol.7,Untested,Nostalgia,A01,2024_00068
L√§derportf√∂lj,"Bra skick
Kod: 000 329",Tested,Miscellaneous,A01,2024_00069
Heathkit frequency counter & scaler ,"30MHz, 10ppm frekvensr√§knare. 175MHz/1/10/100 scaler. Scalern har gammal plugg, countern ",Tested,Instrument,B01,2024_00070
2x batterieliminator 12V25W,Kopplat till n√•got telefonsystem ,Untested,Power supply,C02,2024_00071
Batterieliminator 12V25W,"Frist√•ende, ingen 12V-kontakt",Tested,Power supply,B01,2024_00072
2x batterieliminator 12V25W,"Ena med BNC+banan, andra med endast BNC",Tested,Power supply,B01,2024_00073
D-link DIR-882 WiFi router,Utan n√§taggregat,Untested,Computer,B01,2024_00074
Blender,EJ mats√§ker üíÄüíÄüíÄ mycket kemikalier i den,Tested,Ger√§t,C02,2024_00075
CRT-monitor,Tar in S-video. Verkar fungera men otestad med signal. Har ljud och video in och ut,Lights up,Video,B01,2024_00076
Mystery yagi,Oklar frekvens,O√∂ppnad,Radio,C02,2024_00077
14A 230V AC filter,Oanv√§nd i f√∂rpackning,O√∂ppnad,Ger√§t,C02,2024_00078
14A 230V AC filter,,O√∂ppnad,Ger√§t,C02,2024_00079
14A 230V AC filter,,O√∂ppnad,Ger√§t,C02,2024_00080
Virtual Research VR-kit ,"2x glas√∂gon, 2x controller, 1x PSU. Lyser, men otestad med data. Oklart exakt hur den ska funka",Lights up,Video,B01,2024_00081
Mjukt tangentbord,Spill-proof. USB och PS2. Ny i f√∂rpackning,Tested,Computer,B01,2024_00083
Mysterisk mekanisk v√§ljarger√§t,Har kugghjul.,Other,Ger√§t,C02,2024_00084
CanoScan 4400F,Canon scanner,Tested,Computer,B01,2024_00085
B√•tradio STN Atlas,"Dansk. 12V in, tv√• antenner",Untested,Radio,C02,2024_00086
l√§derl√•da,Har sett b√§ttre dagar,Tested,Miscellaneous,C02,2024_00087
Dynometer,"Halda/Haldex dyno, upp till 4 kg. Tillh√∂rande l√•da.",Tested,Instrument,B01,2024_00088
Steven digital reverb,"PDR 3500, har midi och aux. Olika preset program och manuellt vred.",Lights up,Audio,B01,2024_00089
Zyxel  ES1100 switch,"Switch, lyser, ES1100-8P",Lights up,Ger√§t,B01,2024_00091
Hakko 191 l√∂dtermometer,"Otestad vid l√∂dtemperaturer, fungerar vid l√•ga. F√∂rv√§ntas helt fungera (alla vi fick fr√•n samma donation fugnerar).",Tested,Instrument,B01,2024_00092
Hakko 191 l√∂dtermometer,"Urladdat batteri, otestad. F√∂rv√§ntas helt fungera (alla vi fick fr√•n samma donation fugnerar).",Untested,Instrument,B01,2024_00093
Sabtronic frequency counter,Sabtronics model 8100 frequency counter ,Lights up,Instrument,B01,2024_00094
N√§taggregat,"1.2 - 22V, 1 A",Tested,Power supply,C02,2024_00095
Trio Rf signal generator,trio Rf signal generator SG-402,Lights up,Instrument,B01,2024_00096
Digital AWG,FeelElec 3-kanaler FY8300. 14bit 250MSa/s. BNC-kontakter verkar glappa lite?,Tested,Instrument,A01,2024_00097
"Samson C control ""control room matrix""","Mixer, massor ljud inputs och outputs p√• baksidan",Lights up,Audio,C02,2024_00098
Cable tester,Cable tester RJ11 + RJ45,Tested,Ger√§t,C02,2024_00099
Trapider model TE-15,Transistor gris dip meter. Verkar vara vakumr√∂r grej? 440kHz -120MHz,Untested,Instrument,C02,2024_00100
Kramer tools VP-222,VGA switch 2 inputs 2 outputs,Lights up,Video,B01,2024_00102
6x BNC till blandat ,"2x till BNC, 2x till krokodil, 2x till dupont ",Other,Ger√§t,C02,2024_00103
L√∂dstation,Fungerande l√∂dstation,Tested,Ger√§t,B01,2024_00104
Kramer tools VP-222,VGA switch 2 inputs 2 outputs,Lights up,Video,B01,2024_00105
ca 30 LCD-sk√§rmar,Oklar modell,Untested,Video,C02,2024_00106
LC m√§tare ,"LC meter, verkar fungera ",Lights up,Ger√§t,C02,2024_00107
B√•tradio VHF,"Rt4722 VHF-OSC, av Sailor. G√•r p√• 12V",Untested,Radio,B01,2024_00108
Ethernetger√§t,hemmabyggt ethernetger√§t ,Untested,Ger√§t,C02,2024_00109
2x Lafayette dyna-com 3a,"Gammal handh√•llen radio, ena har trasig antenn",Untested,Radio,C02,2024_00110
HP5300A timer/counter ,"M√§ter ej, men display lyser ",Lights up,Instrument,C02,2024_00111
Oscilloskop,PCSU200 oscilloskop och signalgenerator.,Untested,Instrument,C02,2024_00112
kontorssortering,Upps√§ttning av modul√§ra genskinliga l√•dor f√∂r sortering av bland annat kontorspapper,Tested,Miscellaneous,B02,2024_00113
INSTRUSTAR Pc oscilloskop ,INSTRUSTAR ISDS205B,Untested,Instrument,C02,2024_00114
Vector Network Analyzer,"SDR-KitsDG8SAQ, 1 kHz - 1.3 GHz, med tillbeh√∂r",Untested,Instrument,B01,2024_00115
kondensatorbank R.I.C. Capacitors LTD. DBSJT,"4x 125uF 2.5kV
Faktiskt livsfarlig",Untested,Ger√§t,B02,2024_00116
D400 IO tester,Oklar manik med spakar och 36 polig kontakt. Kan va fin som knappanel,Untested,Ger√§t,C02,2024_00118
2 kanaler 50MHz oscilloskop,Har n√§tagregat och data kabel samt instalations cd.,Untested,Instrument,C02,2024_00120
350w n√§taggregat ,"Blue storm 2, 350w n√§taggregat ",Untested,Power supply,C02,2024_00121
solpanel,30W solpanel med data logger och telemetri modul. Utg√•ng till batteri fr√•n l√•dan,Untested,Power supply,B02,2024_00122
Power source,"WRB series power source WRBO1X-U , 230v, ",Untested,Ger√§t,C02,2024_00123
PD-V19 5.8GHz sensor,32 styck,Untested,Component,B01,2024_00124
Etstank,Relativt stor fungerande etstank.,Tested,Ger√§t,A01,2024_00125
multicomp pro MP720019,"USB oscilloskop
2 kanaler 100MHz 1GS/s",Untested,Instrument,C02,2024_00126
Handh√•llare f√∂r handstr√§cksfilm,,Untested,Miscellaneous,C02,2024_00127
Halogenlampa,500W,Lights up,Miscellaneous,C02,2024_00128
Udda ger√§t med fet gr√§nssnitt,"Olika knappar o spakar, kan bli fet kontrollpanel",Untested,Ger√§t,C02,2024_00129
Mascot type 719,"St√§llbart n√§tagg, 2 kanaler.
15V 2A / 30V 1.5A
Ger ut sp√§nning, inte testat str√∂mbegr√§nsning / str√∂mleverans",Lights up,Power supply,B01,2024_00130
Kontrolmottagare,"Radio hembygge, 448.825 MHz. 2st Ascom U982-CA/1C innuti",Untested,Radio,C02,2024_00131
projektor canon LV-S1,"Lyser upp med canonloggan, kommer med v√§ska och ett par kablar",Lights up,Video,C02,2024_00132
Racksk√•p kylare,"12 st fl√§ktar i en enhet, monteras i botten av racksk√•p. Brittisk kontakt 250V 13A",Untested,Ger√§t,C02,2024_00133
Videoger√§t,"Oklart funktion, m√∂jligtvis patchpanel / mux?",Untested,Video,B01,2024_00134
Variabelt effektmotst√•nd,"Mellan 79 och 0.5 ohm . Upp till 4A, har bannan och coax.",Tested,Nostalgia,B01,2024_00135
N√§taggregat,"13.5 VDC, 5A, Ascom Tateco.",Tested,Power supply,C02,2024_00136
St√§llbart n√§tagg,"Ger sp√§nning ut, ej str√∂mtestat",Tested,Power supply,C02,2024_00137
Kompressor,Thomas industries 907 AD20. 2-3 A. Ger lufttryck,Tested,Ger√§t,B01,2024_00138
St√§llbart n√§tagg,"Ger sp√§nning ut, ej str√∂mtestat",Tested,Power supply,C02,2024_00139
Virningsverktyg,teleCourier EW-7D virningspistol,Tested,Miscellaneous,C02,2024_00140
Virningsverktyg,ok-16-230-BF virningsverktyg,Tested,Miscellaneous,C02,2024_00141
Micro Giken CX-07 spionmikrofon,"2st VHF spionmikrofon+s√§ndare
Mottagare, kristall h√∂rlur",Untested,Radio,A01,2024_00142
4st Actuator kontrollbox???,1.6A 15% dutycycle max 30sec on-time. Om√§rkta l√•dor med ethernet och trepolig kontakt,Untested,Ger√§t,C02,2024_00143
Lynx - booksize  personal computer ,"Gammal dator, kommer med tangentbord. St√•r 1 MB minne p√• medf√∂ljande l√•da. Lyser upp",Lights up,Nostalgia,B02,2024_00144
dryckespump,Trycklufsdriven,Untested,Ger√§t,B01,2024_00145
Conrad vattenfl√∂desm√§tare,R√§knar upp n√§r man bl√•ser i den,Tested,Ger√§t,B01,2024_00146
Megaohmeter,"100 Gohm till 1 Mohm, 1V till 10kV key",Lights up,Instrument,B02,2024_00147
st√§llbart n√§t.agg,"Ej testad, st√•r inventerare saknas. Sp√§nningsrattar trasiga",Doesn't work,Power supply,C02,2024_00148
Yaesu musen FT-7B,"Ej testad, saknar ratt och str√∂mknappen √§r trasig",Untested,Radio,A01,2024_00149
24v sp√§nningsk√§lla,DIN monterad,Untested,Ger√§t,C02,2024_00150
N√§taggregat f√∂r labb√§nken,0-30V AC och DC. 10A???. D√•ligt kalibrerad visare.,Tested,Power supply,C03,2024_00151
Logikanalysator,,Lights up,Instrument,B02,2024_00152
n√§tveksswitch ,1 Gb,Untested,Ger√§t,B02,2024_00153
Damsugare,Volta Xio,Tested,Ger√§t,C03,2024_00155
3D-printer,ZYYXpro flera munstycken flera buildplates och orginal ink√∂psbrev. drifttid: 3000h.,Lights up,Ger√§t,A01,2024_00156
"Pinsvetts, Fronius WTU 307",3fas 300A,Untested,Ger√§t,A02,2024_00157
24V DC motor,,Tested,Ger√§t,B02,2024_00158
Oscilloskop,Tektronix 2232 100MHz,Tested,Instrument,A01,2024_00159
2308 interface - f√∂r PLC?,Kommer med manual ,Lights up,Miscellaneous,C03,2024_00160
V√§rmepistol,"6 olika temp/effekt l√§gen, ganska h√∂gt luftfl√∂de",Tested,Ger√§t,C03,2024_00161
Procom duplexer DPF70/6,"Low = 442.6MHz
High = 448.6MHz
Borde klara 50W",Untested,Radio,B02,2024_00162
Procom duplexer DPF70/6 (442.8MHz),"Low = 442.8MHz
High = 448.8MHz
Borde klara 50W",Untested,Radio,B02,2024_00163
st√§llbart n√§t.agg,"Ger sp√§nning ut, ej str√∂mtestad",Tested,Power supply,C03,2024_00164
DC micro volt-ampere meter,"HP 4225 10uA, 0.1uV som h√∂gst uppl√∂sning",Lights up,Ger√§t,B02,2024_00165
Skrivare HP C8962A ,SKRIVARE,Untested,Ger√§t,C03,2024_00168
L√•da,Har en del h√•l,Tested,Ger√§t,C03,2024_00170
L√•da,Tom l√•da med flera h√•l,Tested,Ger√§t,C03,2024_00171
L√•da,Tom l√•da med flera h√•l,Tested,Ger√§t,C03,2024_00172
Audio Tester?,"N√•got l√•ter/√§r l√∂st innuti.
Oklart anv√§ndingsomr√•de",Untested,Audio,C03,2024_00173
H√∂gtalare,H√∂gtalare eller radio,Untested,Audio,C03,2024_00174
Varistor,VDRS14T275ASE,O√∂ppnad,Component,C03,2024_00175
Streckkodsl√§sare,,Lights up,Ger√§t,C03,2024_00176
Xbox 360,Str√∂mkabel samt hdmi kabel medf√∂ljer,Lights up,Nostalgia,B02,2024_00177
Grafikkort,Nvidia quadro fx 4700 x2,Untested,Nostalgia,C03,2024_00178
Horn 15 Watt,15 watt 8 Ohm,Tested,Audio,C03,2024_00179
Pocket Operator,"Ok√§nd anv√§ndingsomr√•de.
Ljud mackap√§r? Ev. glapp i DC kontakt 
",Untested,Audio,C03,2024_00180
c-pod,,Untested,Ger√§t,C03,2024_00181
Radiobil,,Tested,Nostalgia,B02,2024_00182
Radiobil,,Tested,Nostalgia,B02,2024_00183
Torque transducer,0.5-5 samt 50-500 nm,Untested,Ger√§t,C03,2024_00184
AudioFire12 Echo,Audio Interface,Lights up,Audio,B02,2024_00185
Radiobil,,Tested,Nostalgia,B02,2024_00186
AudioFire12 Echo,"Audio Interface, AC kontakt n√•got l√∂st",Lights up,Audio,B02,2024_00187
Oscilloskop,"Hitachi V-252 20MHz, Analog, 2 kanaler endast extern trigger",Tested,Instrument,B02,2024_00188
Oscilliskop Tektrotronik 2424L,Diagnos fel,Lights up,Instrument,C03,2024_00189
Function generator,"Sinusv√•g ser bra ut, triangel och kvadrat √§r lite skum p√• vissa frekvenser",Tested,Instrument,C03,2024_00190
Alarmklocka Philips AJ140,,Tested,Audio,C03,2024_00191
mascot 24V 1500W inverter,"Type 9988
Drar s√§kringar vid inkoppling",Doesn't work,Power supply,C03,2024_00192
Telgraf maskin,Gerat northern telegraph works .104624. G.N.T.Transmitter model 113,Untested,Radio,C03,2024_00193
Router Linksys WRT54GL,,Lights up,Ger√§t,C03,2024_00194
DC n√§tagg,"Tv√• kanaler, d√•ligt kalibrerad men fullt funktionell ",Tested,Ger√§t,C03,2024_00195
Karaoke konverter k10,,Lights up,Ger√§t,C03,2024_00196
Modem D-Link DSL-300T,Modem asdl,Lights up,Ger√§t,C03,2024_00197
Router Technicolor TG389,,Lights up,Ger√§t,C03,2024_00198
Router Thomson,"Router, wifi, fyra ethernetportar",Lights up,Computer,C03,2024_00199
Webkamera Philips,"Oklart om den fungerar, snabbtest med datorn fungerade ej",Doesn't work,Video,C03,2024_00200
Tv-Box Arris,,Lights up,Video,C03,2024_00201
Fl√§kt,,Untested,Miscellaneous,C03,2024_00202
Owasys,‚ÄùAdvanced wireless device‚Äù tror det √§r en dator alternativt n√•got radio relaterat,Untested,Computer,C03,2024_00203
Bildelning apparat x50 Pilotfish Miveo M400,Ca 50 stycken,Untested,Ger√§t,C04,2024_00204
Debugger acessory j-Link ks IAR Systems,,Untested,Computer,B02,2024_00205
L√∂dugn Puhui T-962C,Bakar bra pizza,Tested,Ger√§t,A02,2024_00207
Stereo SONY TC-WR445,,Lights up,Audio,B02,2024_00208
Router,,Lights up,Ger√§t,C03,2024_00209
Skrivare HP deskjet 845c,,Lights up,Ger√§t,C03,2024_00210
Communications receiver ,Kenwood R-2000. Funkar en kort stund efter p√•slag,Lights up,Radio,A02,2024_00211
R√§knare,"Hp85 r√§knare, inte s√§rkilt mini dessv√§rre. Inga anm√§rkningsv√§rda kosmetiska defekter",Tested,Nostalgia,A01,2024_00212
Oscilloskop Aron bs-310s,Fungerar ej enligt tusch markering. Inte inkopplad p√• grund av det.,Doesn't work,Instrument,C03,2024_00213
Verktygsl√•da,Batteri saknas,Untested,Ger√§t,B03,2024_00214
 Kylbox 12V,"Elektrolux, 8 liter, 48W 12V. Made in Luxembourg ",Tested,Miscellaneous,B03,2024_00215
Tektronix  2424L,Enligt uppgift reperationsobjekt eller reservdels plock. Inte inkopplad iffal n√§tagget √§r ledset .,Untested,Instrument,B03,2024_00216
Skruvdragare ,14.4V Biltema,Tested,Ger√§t,C03,2024_00217
Oscilloskop Tektronix 2245A,100Mhz 4ch halvanalogt. Har smidiga funktioner som autosetup. Alla fyra kanaler ser ut att funka. ,Tested,Instrument,B03,2024_00218
N√§taggregat,,Untested,Ger√§t,C03,2024_00219
RF Attenuator ,"BNC d√§mpare fungerar 10-2100 MC

N d√§mpare 1-12.4 KMC otestad",Tested,Radio,B03,2024_00220
Chieftec HDD l√•da,"4x 3.5"" diskar, SATA ut bak, molex power in. Verkar vara nyckick",Untested,Computer,B03,2024_00221
N√§taggregat,,Lights up,Ger√§t,C03,2024_00222
Ocilloskop Aron BW-310S,"Fungerar tillr√§ckligt bra. Kanal A triggern ville inte funka till en b√∂rjan med, men en √∂vertygande klapp p√• toppen s√• ville spela boll.
Antagligen bara n√•gon glappkontakt n√•gonstans som fixas l√§tt av den h√§ndige
Kan batteridrivas",Tested,Instrument,B03,2024_00223
Linj√§r f√∂rst√§rkare,"240-756MHz, 1W, 12dB. H√§lsofr√§mjande berylliuminneh√•ll.",Untested,Radio,C03,2024_00224
Ljudenhet kombo Mercedes,"Command 2.0 
-E head unit
Harman kardon Logic7
Can och CD funkar ej p√• head unit. Radio ok",Untested,Audio,B03,2024_00225
Linj√§r f√∂rst√§rkare,"1W, UHF, H√§lsofr√§mjande berylliuminneh√•ll ",Untested,Radio,C03,2024_00226
Linj√§r f√∂rst√§rkare ,16dB @ 144MHz. Sportig eftermarknadskylare,Untested,Radio,C03,2024_00227
Eimac 4CX5000A 8170 Tetrode,10 kW fr√•n Audiofrekvens till 220 MHz,Untested,Component,A01,2024_00228
KVME switch,"Fyra datorer, usb och ethernet hub",Untested,Ger√§t,C03,2024_00229
Oscilloskop Tektronix 453,"Testat kanal 1 och 2 och den triggar p√• b√•da. Kontakten p√• ch2 glappar, lika s√• n√•gra av rattarna n√§r man vrider p√• dem",Lights up,Instrument,C03,2024_00230
Tektronix type 454 oscilloscope,"Den lyser upp med signaler, men triggern verkar vara trasig.",Lights up,Instrument,C04,2024_00231
AC transformer,1 Phase 36v 8.3a secondary AC step down transformer ,Lights up,Power supply,C03,2024_00232
Rostfritt Apparatsk√•p,Ett bastant rostfritt sk√•p  i ~1mm pl√•t. Kommer med EMC packningar  och till synes v√§dert√§ta packningar ,Other,Ger√§t,B03,2024_00233
Occulus development kit,Occulus DK2,Untested,Video,B03,2024_00234
48V 12A likriktare,Ej last testad ,Tested,Power supply,B03,2024_00235
Mira orism,"AR display Till en iphone, iphone ing√•r ej",Other,Video,C03,2024_00236
TEAC A-108 sync,"Stereo kasettspelare, coola visare, brittisk plugg",Untested,Audio,C04,2024_00237
Oscilloskop Tektronix 2215,"60Mhz 2ch. Simpelt att operera. d√•lig intensitet p√• katodst√•len, trigg p√• b√•da kanalerna fungerar under f√∂rv√§ntan, m√•ste fixas f√∂r att vara brukbar",Lights up,Instrument,C04,2024_00238
Tektronix 2213 oscilloskop,"60MHz
Funkar fint",Tested,Instrument,B03,2024_00239
Cosplay kit GXV,6x storlek Medium ,Lights up,Miscellaneous,B03,2024_00240
N√§taggregat,24V 20A,Untested,Ger√§t,C03,2024_00241
Videoger√§t,Lyser och l√•ter,Lights up,Video,C03,2024_00242
Br√ºel &Kjell soundlevel calibrator,"Modell 4230, kalibrerad 2008",Untested,Audio,C04,2024_00243
32 GHz radar/ranger? ger√§t,Including 600VDC 600mA power supply and waveguides ,Untested,Ger√§t,C03,2024_00244
Distribution Amplifier ,Pendulum DA-36,Untested,Ger√§t,C04,2024_00245
Hololens 1 AR headset,"Blev donerad som funkar. Har str√∂mkabel och fj√§rrkontroll, laddas med USB",Tested,Video,A01,2024_00246
Hololens1  AR headset,"Fungerar, har fj√§rrkontroll och usb sladd",Tested,Video,A01,2024_00247
Lasersk√§rare,"40W CO2 laser, fungerar s√• bra man f√∂rv√§ntar sig att en kina-laser skall funka. Har anv√§nts i f√∂reningen till nu. Den har en smoothieboard",Tested,Ger√§t,A01,2024_00248
0-30V 2.5A power supply,5V + 12V + variabel sp√§nning. Variabel ger √∂versl√§ng vid p√•slag.,Tested,Power supply,C04,2024_00249
400W Schneider VFD,Ny i l√•da,O√∂ppnad,Ger√§t,A02,2024_00250
L√•da,Gjord i plast,Other,Miscellaneous,C03,2024_00251
"Stor trefasbrytare, Schneider NSX 100N","800V, 4 poler",O√∂ppnad,Ger√§t,B03,2024_00252
Time domain reflectometer,"HP 140B + HP1415a
G√•r ner till 20 ns/cm. N-kontakt",Tested,Instrument,A02,2024_00253
elsk√•p,Mindre elsk√•p i plast,Other,Miscellaneous,C04,2024_00254
Diverse 230V ger√§t,"S√§kring, brytare och dylikt. Otestade",Untested,Ger√§t,B03,2024_00255
Diverse 230V,Elm√§tare och s√§kringar,Untested,Component,C04,2024_00256
√ñversp√§nningsskydd DIN,"Diverse √∂versp√§nningsskydd och m√∂jligtvis annat, otestade",Untested,Ger√§t,C04,2024_00257
extern antenn 5m,,Untested,Radio,C04,2024_00258
L√•da med l√•dor,,Other,Miscellaneous,C04,2024_00259
Harting industriella switchar,"Case med industriella ethernet switches

Ha-VIS eCon 2000
Ha-VIS eCon 3000

",Untested,Miscellaneous,B03,2024_00260
313st DIN-25,"30 per paket, 13 paket ",O√∂ppnad,Component,C04,2024_00261
elsk√•p med s√§kringar ,Kommer med Schneider s√§kringar och metalpl√•t,Untested,Miscellaneous,C04,2024_00262
2st latching vippor,,Tested,Ger√§t,C04,2024_00263
Kontaktdon 230V,"Diverse din-kontakter f√∂r 230V, samt en rej√§l kontakt.",Untested,Miscellaneous,C04,2024_00264
elsk√•p i metall,,Other,Miscellaneous,B04,2024_00265
Stor platt lampa ,"55W, ca 50x50cm",Lights up,Ger√§t,A02,2024_00266
11st induktiva brytare,"Modell XS7J1A1PAL2TF, otestade",Untested,Component,C04,2024_00267
DIP-Sockel,"28pin, 70st",O√∂ppnad,Component,C04,2024_00268
Diverse crimpverktyg,Oanv√§nda ,O√∂ppnad,Miscellaneous,C04,2024_00269
Mekanisk timer,15 min,Untested,Miscellaneous,C04,2024_00271
2x Tektronix pattern generator probe,Modell p6464 f√∂r DAS 9100 serien,Untested,Ger√§t,B04,2024_00272
50M twisted pair kabel,"Unitronic FD CP TP 1x2x0.25, 1x50m",Untested,Miscellaneous,C04,2024_00273
L√∂dpastastencilh√•llare,"43*35cm stencilarea (cirka)
",Tested,Ger√§t,B04,2024_00274
Vit heat shrink tube ,"3x12m, 4.8mm till 2.4mm diameter. ",Other,Component,C04,2024_00275
daum electronic heat-it,"L√∂dugn, infrar√∂d. Med rullband.",Untested,Ger√§t,S01,2024_00276
En knapp,Ser ut som de som sitter p√• bussen. SL:s tunnelbana? Verkar ha lampor i sig ocks√•,Untested,Component,C04,2024_00279
2x Laseralignment,"Schneider, magnetisk. B√•da verkar ha slut p√• batteri",Doesn't work,Ger√§t,C04,2024_00280
Laser alignment,"Schneider electric, magnetisk, lyser bra.",Lights up,Ger√§t,B03,2024_00281
lampa ex-klassad,,Untested,Ger√§t,B04,2024_00282
Kalljusk√§lla,"EF 250N. Lampa fungerar.
250W, 220V, 50-60hz, 3A.",Lights up,Ger√§t,B03,2024_00283
GIVARINOIKATOR ,"Bofors sent 60-tal
m√§tning av statiska eller dynamiska f√∂rlopp med resistiva m√§tgivare. Kan √§ven erh√•llas med maximaI-
v√§rdesindikering, typ BKI-2",Lights up,Ger√§t,B04,2024_00284
Cisco ASA 5506-X,Router kanske? Verkar vara gigabit 8 port,Lights up,Computer,C04,2024_00285
Oscilloskop  Philips PM3233,"0-10MHz
2 kanaler",Untested,Instrument,A02,2024_00286
Bofors BKF-1,N√•n form av m√§tinstrument f√∂r resistiva och induktiva givare tror jag,Untested,Instrument,B04,2024_00287
Hagner universal photometer,Ing√•r diverse externa sensorer och kablar,Tested,Instrument,A02,2024_00288
Metcal PSU,"Metcal Inc
Model STSS-P2SV-02.",Lights up,Miscellaneous,B04,2024_00289
V√§tskekylare ,"Cornlius √∂lkylare 2 slingor
Kompressor g√•r fint
Model 03 1042 76",Other,Ger√§t,B03,2024_00290
equalizer ,"InterM modell EQ-2215. Dual 15 BAND, XLR ut/ing√•ng",Lights up,Audio,B04,2024_00291
Load Controls Power Monitor,"Verkar vara n√•n form av 3-fas effektm√§tare
Portabel",Lights up,Instrument,B04,2024_00292
LabJack U6,Version 2.00,Untested,Instrument,B04,2024_00293
USB DAC LabJack,"UE9 Pro
Aktiv modell med drivare tillg√§nglig 
Ethernet-interface",Untested,Instrument,A02,2024_00294
3st Feta kondingar,Epcos 4600uF 385V,Untested,Component,C04,2024_00295
Regulated power supply Oltronix,"Oltronix nr 131, fungerar troligen",Untested,Power supply,B04,2024_00296
Densei delvo skruvdragare,"Fungerar, kommer med kryssmejsel installerad.",Tested,Ger√§t,B04,2024_00297
brandlarmsklocka,*PLING* *PLING*,Untested,Audio,C04,2024_00298
HP 8013B Pulse Generator,"Lyser inte upp, verkar vara ganska t√∂m inuti, vet ej om det √§r standard.",Doesn't work,Ger√§t,C04,2024_00299
N√§taggregat,,Doesn't work,Power supply,C05,2024_00300
HP 8011A Pulse Generator,Verkar fungera utan problem,Tested,Ger√§t,A02,2024_00301
Dubbel kokare,Bain-marie 1.5l,Tested,Miscellaneous,C05,2024_00302
HP 54501A Digitizing oscilloscope,"Inga tecken av liv, 100MHz BW",Doesn't work,Instrument,B04,2024_00303
Fluke digital multimeter 8050A,"Max 2A
Max 500V
",Tested,Instrument,B04,2024_00304
Yaesu FT-5100,"Dual band (70cm 35W & 2m 50W) FM transceiver. Har repeater-funktionaltitet (skift, subton, tone burst, dtmf) ",Tested,Radio,A02,2024_00305
Hioki digital Clamp Ho tester 3206,1000V max,Doesn't work,Instrument,C05,2024_00306
Data precision 2480,Multimeter. VDC verkar fungera.,Tested,Instrument,B04,2024_00307
Oltronix B 401 n√§taggregat,40 V 1A,Tested,Power supply,B04,2024_00310
Oltronix 70V5.5A PSU,"B60-5R. Funkar upp till 4A p√• overcurrent-m√§taren, sen triggar den overcurrent automatiskt.",Lights up,Power supply,C05,2024_00311
Tre Skype knapptelefon ,"Modell WP-S1, f√∂rseglad i f√∂rpackning",O√∂ppnad,Miscellaneous,C05,2024_00312
Gigabyte GeForce 8600GT,Ser o√∂ppnad ut,Untested,Nostalgia,C05,2024_00313
Omega MML 600 n√§tagregat,"5V 100A, 12V 12A.
Omega MML600 Coutant Lambda",Untested,Power supply,B04,2024_00314
Core i7-6700K,Intel processor,Untested,Computer,A02,2024_00315
Oltronix n√§taggregat B60-1T,,Tested,Power supply,B04,2024_00316
Spellman CZE1000R,"H√∂gsp√§nningsn√§taggregat +-30kV, 300uA
ETA-reparationsobjekt. Opamp byttes ut inuti f√∂r att f√• str√∂mm√§tning att fungera.",Tested,Instrument,A02,2024_00317
Asus EN7600GS GPU,"Gammal GPU, 2st VGA + DVI",Untested,Nostalgia,C05,2024_00318
HP436A power meter,,Lights up,Instrument,C05,2024_00319
ZyXEL NSA310 - NAS,Liten NAS med h√•rddisk p√• 500 gig,O√∂ppnad,Computer,B04,2024_00320
oscilloskop 60MHz,Tektronix 2215,Tested,Instrument,C05,2024_00321
HP59501A PSU programmer,HP-IB Isolated D/A/Power supply programmer,Lights up,Instrument,C05,2024_00322
RE IM6 Megohmm√§tare/picoamperem√§tare,"M√§ter fr√•n 1Mohm till 1POhm, 1mA till 1pA.
Har lapp p√• sig att den funkar inte helt.
Sl√§pper ut magisk r√∂k l√•ngsamt efter den kopplas in ",Lights up,Instrument,B04,2024_00323
Hot plate controller samt hot plate,"Planer products 400C max

Rel√§ i termostat skumt. Byglar man utg√•ng blir plattan varm. ",Other,Miscellaneous,C05,2024_00324
HP 8015A pulse generator,"Har en lapp p√• sig ""TRASIG BRINNER?""
Otestad p√• grund av det.",Doesn't work,Instrument,C05,2024_00325
Oltronix B8-7,"0-10V, 7.7A",Tested,Power supply,B04,2024_00326
DIN-monterad RS422/485-repeater,Modell Westermo 3153-3001,Untested,Ger√§t,C05,2024_00327
5st ip-telefoner,Modell: SNOM 821,Untested,Audio,C05,2024_00328
Fluke 8840A multimeter,"700V 2A max, m√§ter resistans (4-wire), sp√§nning (AC+DC) och str√∂m (AC+DC). St√§mmer bra mot etas multimeter",Tested,Instrument,B04,2024_00329
Oscilloskop trasigt,lyser upp men f√•r ingen signal ,Lights up,Instrument,C05,2024_00330
HP 8657B signalgenerator,"100kHz-2.06GHz generator, AM och FM modulation, intern eller extern.
Verkar fungera perfekt. ",Tested,Instrument,S02,2024_00331
Buffalo portable hard drive 1TB,"Helt ny, √∂ppnad f√∂r att l√§tt funktionalitetstesta.
Fungerar bra, ~20MB/s write",Tested,Computer,A02,2024_00332
Pulse generator ,"1Hz - 50MHz Philips 

Power knappen fastnar inte, man beh√∂ver h√•lla inne den.",Tested,Ger√§t,B04,2024_00333
HP1740 100MHz analogt osc ,Funkar skitd√•ligt. Sl√• p√• den n√•gra g√•nger s√• visar den r√§tt signal. ,Lights up,Instrument,C05,2024_00334
HP 8662A Synthesized signal generator,"10kHz-1280MHz.
Verkar fungera och modulera galant.",Tested,Instrument,S02,2024_00335
HP1740 100MHz osc,Verkar vara l√•st i XY-l√§ge? Funkar s√§ker,Tested,Instrument,C05,2024_00336
HP 8734B Pin modulator,7.0-12.4GHz,Untested,Instrument,B04,2024_00337
Casiotune CT-660,"Har midi in, thru, out
Kommer med omonterat stativ och trasig v√§ska. Str√∂madapter saknas ",Untested,Instrument,C05,2024_00338
Touro mobile MX3 1TB portabel h√•rddisk,"USB 3, Anv√§nd, fungerar",Tested,Computer,A02,2024_00339
3-fas st√∂rskyddstrafo,"400Hz 5kVA, elinduktra-sundberg modell 25942-901",Untested,Ger√§t,C06,2024_00340
HP 8735B Pin Modulator,8.2-12.4 GHz,Untested,Instrument,B04,2024_00341
Tektronix TDS 210,"Oscillosk√•p 60MHz
Sk√§rmen funkar d√•ligt, flimmrar, fungerar annars",Tested,Instrument,C05,2024_00342
HP 8555A spectrum analyzer,"Sk√§rmen m√•r inte bra. Kan ej testa den vidare.
10MHz-18GHz !!",Lights up,Instrument,A02,2024_00343
Tektronix TDS220 100MHz osc ,Monokrom sk√§rm,Tested,Instrument,B04,2024_00344
HP 8733B Pin Modulator,3.7-8.3GHz,Untested,Instrument,B04,2024_00345
TDS210 60MHz,"D√•lig sk√§rm, inga rattar. Monokrom sk√§rm. Funkar annars",Lights up,Ger√§t,C05,2024_00346
D-link DIR-868L ,"Gigabit router, har 5GHz och 2.4Ghz
Lyser och n√§tverk dyker upp men har inte testats att konfigurera 
Ingen str√∂madapter",Untested,Miscellaneous,C05,2024_00347
Directional coupler 1-2GHz,"ca. -30dB coupling, Niklaskontakt",Untested,Ger√§t,B04,2024_00348
Tektronix 465B 100MHz oscilloskop ,2-kanaler. Funkar bra.,Tested,Instrument,B04,2024_00349
High frequency charger ,"24V 30A
Typ testad, generar n√•gon m√§ngd str√∂m men os√§kert hur mycket",Lights up,Ger√§t,C05,2024_00350
Seagate 500GB portabel h√•rddisk,"Den visar livstecken och lyckas spara lite data, men formatterar aldrig klart. G√•r m√∂jligtvis att byta disk och √•teranv√§nda h√∂ljet",Doesn't work,Computer,C05,2024_00351
Oltronix 50v 1.5A Kass,"Lyser, ger ut en sp√§nning som √§r runt h√§lften av det som √§r inst√§llt.
Beh√∂ver k√§rlek",Lights up,Power supply,C06,2024_00352
PM 5770 Pulse generator,1Hz - 100MHz. Verkar fungera men √§r v√§ldigt kinkig. Ibland beh√∂ver den startas om f√∂r att signalen f√∂rsvinner.,Other,Instrument,C05,2024_00353
HP 8662A Synthesized signal generator,Utfrekvens √§r lite fel (30kHz fel vid 1GHz ungef√§r). Annars verkar fungera utan problem.,Tested,Instrument,A03,2024_00354
HP4378B Power Meter,"Saknar sensor, g√∂r ingenting utan den",Lights up,Instrument,C05,2024_00355
UPS ,Back-UPS ES 700,Lights up,Ger√§t,C05,2024_00356
Symmetricom NTS-150 NTP server,"GPS disciplinerad, de h√§r brukar ha problem med GPS veckonummer rollover, och kan visa fel datum.
Funkar som nice l√•da annars",Untested,Ger√§t,C05,2024_00357
Tektronix oscilloskop,"Failar self-test f√∂r aqcuition & attenuation.  Triggar funkar d√•ligt, kanaler √§r offsettade ",Lights up,Instrument,C05,2024_00358
Vga switch,,Untested,Ger√§t,C06,2024_00359
Tektronix C-30A Camera ,,Other,Ger√§t,C05,2024_00360
Metech str√∂mm√§tare 24A,,Tested,Instrument,C06,2024_00361
HP 3488A Switch/Control unit,Har inge moduler men gr√§nssnittet fungerar.,Tested,Instrument,C05,2024_00362
Pulsgenerator,"l√•ter mycket, troligen fl√§kt",Lights up,Instrument,C05,2024_00363
pulsgenerator,error e12,Lights up,Instrument,C05,2024_00364
HP8013A pulse generator,"20ns-1s period, 10ns-1s width ",Tested,Instrument,B04,2024_00365
Oltronix B703DT n√§taggregat ,"R√∂da ratten √§r ofunktionell, annars funkar perfekt ",Tested,Power supply,C06,2024_00366
HP 537A frequency meter,,Untested,Radio,C06,2024_00367
Funktionsgenerator,g√•r upp till 10Mhz,Tested,Instrument,B05,2024_00368
Oltronix B6-10,Kan leverera 10V 10A med hyfsad accurecy,Tested,Power supply,C06,2024_00369
Hios CB-05 elektrisk skruvdragare,,Tested,Miscellaneous,B05,2024_00370
HP - Sure store DAT24,,Lights up,Ger√§t,C06,2024_00371
MAX-504-1205AV n√§tagg,"+5V 80A, +12V 10A(16A pk),
-12V 10A, +5.2V 2A
500W total. ",Untested,Power supply,B05,2024_00372
Oltronix B 603D,"60 V 0.7 A
Otestat pga att n√§tkabeln √§r klipt",Untested,Power supply,C06,2024_00373
HP8111A 20MHz funktionsgen,,Tested,Instrument,B05,2024_00374
Volvo vision camera,"21702451, 1809-13M, CV131200755
24V, ser ut som analogt rgb ut?",Untested,Video,B05,2024_00375
Nokia observation kamera ,,Lights up,Video,C06,2024_00376
Lambda JFS100024,"3st n√§tagg, 1kW 20-29V (24V designad). Kan anslutas ihop f√∂r delad str√∂mutg√•ng, 120A vid 24V om alla 3 ihopkopplas.",Untested,Power supply,B05,2024_00377
Oltronix PSU 32V20A,Ger ingen sp√§nning,Doesn't work,Power supply,C06,2024_00378
Oltronix B502D,"18 V 3 A n√§tagg
Fungerar bra och ger ut inst√§lld sp√§nning +- 0.05 V 
Den inbyggda str√∂mm√§tningen √§r s√§mre dock. 
Ger ocks√• 5V 1A ut p√• sidan",Tested,Power supply,B05,2024_00379
HP 8566B Spektrumanalysator,"100Hz-22GHz, som lappen p√•st√•r, visar lite fel amplitud,  men verkar fungera generellt",Other,Instrument,A03,2024_00380
HP8690B med HP8697A Sveposcillator,"26.5-40.0GHz, sveptid fr√•n 100s till 100ms. Har AM-funktionalitet. V√•gledare-utg√•ng.",Lights up,Instrument,B05,2024_00381
Orginal Philips UVA,√ñgonskador inkluderat ,Lights up,Ger√§t,C06,2024_00382
HP 8566B spektrumanalysator,"100Hz-22GHz, intensity m√•ste vara maxad f√∂r att kunna se saker. Verkar fungera trots ""skrotad"" och ""sp√§rrad"" lappar.",Lights up,Instrument,A03,2024_00383
Oltronix  B32-10R,"Kan leverera 32V 10A , men levererar b√•de mer str√∂m och sp√§nning (+2.0V) √§n vad som √§r inst√§llt
Visar dock r√§tt p√• sina dials
Beter sig lite underligt utan en last, men i √∂vrigt ok",Tested,Power supply,B05,2024_00384
trefas? variac,"Powerstat type 116T-3
Specifierat 120v in 0-140v ut
7.5A 1kVA",Untested,Power supply,B05,2024_00385
Oltronix PSU,"B32-20R. Str√∂mbegr√§nsningen verkar paj, √§r alltid str√∂mbegr√§nsad. ",Lights up,Power supply,C06,2024_00386
Oltronix 60V10A PSU,"Overcurrent √§r trasig, men st√§lld p√• max s√• ger den ut effekt. Drar s√§kringar",Lights up,Power supply,C06,2024_00387
HP 8904A Multifunction synthesizer,DC-600 kHz,Tested,Instrument,B05,2024_00388
Oltronix B6 - 10,10V 10A,Lights up,Power supply,C06,2024_00389
Oltronix B502D,18V 3A,Lights up,Power supply,C06,2024_00390
Oltronix MB 15-4,St√§llbart n√§tagg (f√∂r fast montering antagligen),Untested,Power supply,C06,2024_00391
Oltronix B 503D,,Lights up,Power supply,C06,2024_00392
WD my passport slim 1TB,"Portabel h√•rddisk, helt fungerande, usb 3, 100MB/s write",Tested,Computer,A03,2024_00393
Lenovo ThinkCenter Edge station√§r dator,"i3 3240 
512GB
4GB 1600MHz RAM sticka 1st
",Tested,Computer,B05,2024_00394
Optiplex 3020 station√§r dator,"4Gb 1333Mhz RAM sticka 1st
Intel pentium G3220 3Ghz
512GB",Tested,Computer,B05,2024_00395
Dator utan chassi,Se bild f√∂r specs,Tested,Computer,C06,2024_00396
Grafikkort AX5750 ,1GBD5-S3DH,Tested,Component,C06,2024_00397
wireless access point,Cisco singel point setup,O√∂ppnad,Ger√§t,C06,2024_00398
CY8CKIT-042-BLE,Bluetooth development kit.,Untested,Ger√§t,B05,2024_00399
Tandberg TR-200 Radio ,,Lights up,Ger√§t,B05,2024_00400
ERSA L√∂dstation,SMT Unit 60 A,Lights up,Ger√§t,B05,2024_00401
PC CPUkyl,"Pure Rock 150W TDP, √∂ppnad f√∂rpackning men ser oanv√§nd ut. Fl√§kt ing√•r",Other,Miscellaneous,C06,2024_00402
Chassi,Fusion remote max,O√∂ppnad,Computer,B05,2024_00403
Leakage Clamp Meter,"kaise, SK-7815",Untested,Ger√§t,C06,2024_00404
T√•ngamperemeter,Uni-T 600A 600V,Untested,Instrument,C06,2024_00405
GT220 GPU,"Ser oskadd ut, har kvar alla kontakt skydd. Manual ing√•r.",Untested,Computer,C06,2024_00408
snom 821 hemtelefon,,Untested,Miscellaneous,C06,2024_00409
Memory extension board,F√∂r Vectra 286/12 i orginal f√∂rpackning ,Untested,Nostalgia,C06,2024_00410
L√∂dpasta dispenser,"Fishman 7300, str√∂mindikatorn lyser ej, verkar fungera annars.",Other,Ger√§t,B05,2024_00411
DN-ODS-003,"Laser avst√•ndsm√§tare, antagligen fr√•n cruise-control systemet fr√•n en Lexus LS430",Untested,Miscellaneous,C06,2024_00412
Surface resistivity meter,SRM 100/3,Tested,Instrument,B05,2024_00413
Tektronix 2465A CT,"Oscillosk√•p, testad vid 3.3MHz, modellen rate:ad f√∂r 350 MHz",Tested,Instrument,B05,2024_00414
HP mysterie VNA,Saknar sk√§rm har 10V sweep.,Lights up,Instrument,C06,2024_00415
Lecroy 1GHz Oscilloskop,"single 8GS/s
quad 8GS/s
kommer med frekvensdom√§nsanalys samt printout funktion",Tested,Instrument,A03,2024_00416
HP 8410B n√§tverksanalysator,Saknar sk√§rm,Lights up,Instrument,B05,2024_00417
Power Supply,"30 volt 6 ampere
topward dual tracking power supply 6306D

",Tested,Instrument,C06,2024_00418
nordmende TV signal generator,modell FG 387,Untested,Nostalgia,C06,2024_00419
8743A Reflection-Transmission Test Unit,"2-12.4 GHz, saknar s√§kring",Untested,Instrument,C06,2024_00420
Uni oscilloskop,"30MHz, den gamla sk√§rmen gillar inte att visa signaler under 1kHz",Tested,Instrument,C06,2024_00421
8410A Network Analyzer,Med 8412A Phase-Magnitude Display,Untested,Instrument,C07,2024_00422
Telefon analysator,"lyser och verkar g√∂ra n√•got
har manual",Lights up,Instrument,C06,2024_00423
fiber basstation,"ingen uppkoppling lyckades med, lyser, verkar vara 100mb",Lights up,Miscellaneous,C07,2024_00424
Power function generator,"Feedback PFG605, 50V 200 mA",Lights up,Instrument,C07,2024_00425
rackmonterad KVM,"mux f√∂r 2√ó PS/2, 1√ó USB, 1√óVGA till 4 olika enheter

kr√§ver 12V 1A barrel jack f√∂r str√∂m",Untested,Miscellaneous,C07,2024_00426
Stereo kassetd√§ck,Rotel RD-400 stereo kassetd√§ck,Lights up,Audio,C07,2024_00427
rackserver,"8gb DDR3 RAM

lyser",Lights up,Computer,C07,2024_00428
rackserver med GPIB,"GPIB PCI kort ing√•r
8gb DDR3 RAM",Lights up,Computer,B05,2024_00429
Metcal PSU,"Modell STSS-PS2V-02. Lyser upp och verkar funka, en testad med l√∂dj√§rn",Lights up,Ger√§t,C07,2024_00430
Canon P-8 CINESTAR S,"8mm filmprojektor, snurrar men lyser ej",Untested,Nostalgia,B05,2024_00431
Skruvdragare,"Funkar ? 
L√•ter tr√∂tt men laddade inte batteriet s√§rskilt l√§nge",Tested,Ger√§t,C07,2024_00432
Ericsson DCT1800-S,"Cordless telephone
bara l√•dan",Untested,Ger√§t,C07,2024_00433
Rackmonteringsr√§ls,pryl du kan s√§tta dina rack mountade grunkor i,Lights up,Miscellaneous,C07,2024_00434
3st Sierra wireless airprime EM7511,"Dator 4G modul med gps, modell EM7511 (Sierra wireless airprime) fr√•n Qualcomm. Med tv√• st  usb adaptrar (devboard?) ",Untested,Component,B05,2024_00435
HP 8407A Network analyzer,"Ingen displayenhet, lyser upp och ger ut n√•gon sorts IF",Lights up,Instrument,C07,2024_00436
Ljudisolering ,F√∂r ventilationsh√•l,Tested,Miscellaneous,C07,2024_00437
Konica C35,Automatisk film-kamera,Untested,Miscellaneous,C07,2024_00438
8-kanalers brusgenerator,"Funkar, men n√•gra av kanalerna har glapp i brytarna. Fixas l√§tt av n√•gon h√§ftig",Tested,Instrument,A03,2024_00439
3-fas vridtrafo,"G√•r till 125% input
V√§ger cirka som en auktionskommite
(Cirka 60kg)",Untested,Instrument,S03,2024_00440
Benq projektor,"HDMI, VGA, och annat b√∂s",Tested,Ger√§t,C07,2024_00441
Headacoustics MFE-IV,"Oklart funktion, lyser upp. Nice eurorack till projekt",Lights up,Ger√§t,C07,2024_00442
HP 8445B Automatic Preselector,N√•gon form av filter?upp till 18GHz. Ej funktionstestad ,Lights up,Ger√§t,C07,2024_00443
Gammal ljusm√§tare,"Verkar vara n√§stan or√∂rd
Modell cirka 70-80 tal
Gossen Sixtomat x3
Inte f√•tt till att fungera, men kanske funkar?
Manual medf√∂ljer",Other,Instrument,C07,2024_00444
Solartron puls generator,"Gammal coaxial kontakt, ner till us period",Tested,Instrument,C07,2024_00445
Gammla fotoblixtar,"Inneh√•ller
1 ihopf√§llbar blixt (funkar)
1 ej ihopf√§llbar (ej testad)
N√•gra blixtlampor
G√•r p√• skumma batterier med skumma sp√§nningar ",Other,Nostalgia,C07,2024_00446
Trefas isolationstrafo 10KVA (mycket tung) ,"Elinduktra Sundberg AB trefas isolationstrafo, st√•r 10KVA. V√§ger extremt mycket. S√§kringar inbyggt. Borde fungera, ",Untested,Power supply,S03,2024_00447
4st VHS Fujifilm,"3h kapacitet
Fujifilm FE-180",Untested,Nostalgia,C07,2024_00448
Philips bandspelare/radio,Compact line D8117. Antenn √§r n√•got b√∂jd men fungerande. Inkluderar elkabel,Tested,Nostalgia,C07,2024_00449
Trefas trafo 2KVA,"380V Prim√§r, Dubbla sekund√§rer 380V.
Delta kopplad prim√§r och tv√• Y kopplade sekund√§rer.
Koppligsschema med mer information ligger i s√§kringssk√•pet. ",Untested,Power supply,S03,2024_00450
Fet portf√∂lj,,Tested,Miscellaneous,C07,2024_00451
Gitarrf√∂rst√§rkare ,PG-10 f√∂rst√§rkare,Lights up,Audio,C07,2024_00452
Philips bandspelare,Snurrar men otestad med faktiskt band,Lights up,Audio,C07,2024_00453
"19"" Eurocard rack","Verkar inneh√•lla ljudgrejer, ingen aning om vad den g√∂r
H√§ftiga lampor i f√∂rst√§rkarna",Lights up,Audio,A03,2024_00454
htpc-dator/chassi,Antec-chassi med fin frontpanel. ,Untested,Computer,C07,2024_00455
Lenco vinylspelare,"Lenco L75 vinylspelare, snurrar bra. Ej testat n√•len eller ljud. ",Lights up,Audio,A03,2024_00456
His masters voice vinylspelare,"Ojordad, ej testad",Untested,Audio,C07,2024_00457
Temperaturkammare,"Funkar, kan bli v√§ldigt kall. M√§rke heraeus v√∂tsch",Tested,Ger√§t,C07,2024_00458
Fet 3-faskabel,M√•nga sm√•,Untested,Component,C07,2024_00459
Solar tron 1255 HF frequency response analyzer,"Lyser, visar saker p√• displayen och knappar fungerar. Annars otestad",Lights up,Instrument,B05,2024_00460
Challenge 250 klimatkammare,"Ej testad, mycket tung, har hjul, g√•r p√• trefas",Untested,Ger√§t,S02,2024_00461
Rittal sk√•p med plastf√∂nster,Utan nyckeln men det √§r standard rittal nyckel. ,Tested,Miscellaneous,S02,2024_00462
W.E.R. Varmluftsstation,"Fungerar f√∂rmodligen inte, koppla ej in innan fels√∂kning. Allt utom mugg och bord ing√•r",Untested,Ger√§t,C07,2024_00463
Stereomottagare,"JVC JR-S200, l√•ter bra",Tested,Audio,B05,2024_00464
